ticker,name,sector,market_cap
IONQ,IonQ Inc,Technology,3500000000
RXRX,Recursion Pharmaceuticals,Biotech,2000000000
CELH,Celsius Holdings,Consumer Discretionary,3000000000
SMCI,Super Micro Computer,Technology,15000000000
UPST,Upstart Holdings,Financial Services,3500000000
AFRM,Affirm Holdings,Financial Services,12000000000
HOOD,Robinhood Markets,Financial Services,8000000000
SOFI,SoFi Technologies,Financial Services,7000000000
OPEN,Opendoor Technologies,Real Estate,1500000000
RBLX,Roblox Corporation,Technology,18000000000
U,Unity Software,Technology,5000000000
DKNG,DraftKings Inc,Consumer Discretionary,14000000000
PENN,PENN Entertainment,Consumer Discretionary,2500000000
WYNN,Wynn Resorts,Consumer Discretionary,8000000000
MGM,MGM Resorts International,Consumer Discretionary,9000000000
CVNA,Carvana Co,Consumer Discretionary,20000000000
RIVN,Rivian Automotive,Consumer Discretionary,14000000000
LCID,Lucid Group,Consumer Discretionary,6000000000
BLNK,Blink Charging,Energy,300000000
CHPT,ChargePoint Holdings,Energy,900000000
PLUG,Plug Power,Energy,1500000000
FCEL,FuelCell Energy,Energy,400000000
BE,Bloom Energy,Energy,2500000000
NOVA,Sunnova Energy International,Energy,700000000
SPWR,SunPower Corporation,Energy,400000000
RUN,Sunrun Inc,Energy,3000000000
ENPH,Enphase Energy,Energy,12000000000
SEDG,SolarEdge Technologies,Energy,3000000000
MAXN,Maxeon Solar Technologies,Energy,200000000
STEM,Stem Inc,Energy,300000000
AMRC,Ameresco Inc,Energy,800000000
ARRY,Array Technologies,Energy,1200000000
HIMS,Hims & Hers Health,Healthcare,3500000000
ACCD,Accolade Inc,Healthcare,500000000
DOCS,Doximity Inc,Healthcare,6000000000
TDOC,Teladoc Health,Healthcare,1800000000
BEAM,Beam Therapeutics,Biotech,1500000000
EDIT,Editas Medicine,Biotech,500000000
NTLA,Intellia Therapeutics,Biotech,2000000000
CRSP,CRISPR Therapeutics,Biotech,3000000000
FATE,Fate Therapeutics,Biotech,600000000
KYMR,Kymera Therapeutics,Biotech,2000000000
VRTX,Vertex Pharmaceuticals,Biotech,120000000000
ALNY,Alnylam Pharmaceuticals,Biotech,30000000000
IMVT,Immunovant Inc,Biotech,4000000000
LGND,Ligand Pharmaceuticals,Biotech,1500000000
ARQT,Arcutis Biotherapeutics,Biotech,700000000
TGTX,TG Therapeutics,Biotech,3000000000
MORF,Morphic Therapeutic,Biotech,1500000000
NUVL,Nuvalent Inc,Biotech,4000000000
RVMD,Revolution Medicines,Biotech,6000000000
PRCT,PROCEPT BioRobotics,Healthcare,3000000000
INSP,Inspire Medical Systems,Healthcare,4000000000
TMDX,TransMedics Group,Healthcare,2500000000
RYTM,Rhythm Pharmaceuticals,Biotech,3000000000
KRYS,Krystal Biotech,Biotech,4000000000
VERA,Vera Therapeutics,Biotech,1500000000
IMCR,Immunocore Holdings,Biotech,1500000000
DAWN,Day One Biopharmaceuticals,Biotech,1000000000
IOVA,Iovance Biotherapeutics,Biotech,2000000000
AGIO,Agios Pharmaceuticals,Biotech,2500000000
ACLX,Arcellx Inc,Biotech,3000000000
CERT,Certara Inc,Healthcare,3000000000
ACVA,ACV Auctions,Technology,1800000000
ALKT,Alkami Technology,Technology,2500000000
APPN,Appian Corporation,Technology,2000000000
BRZE,Braze Inc,Technology,4000000000
CFLT,Confluent Inc,Technology,7000000000
CWAN,Clearwater Analytics,Technology,5000000000
DOCN,DigitalOcean Holdings,Technology,3000000000
DV,DoubleVerify Holdings,Technology,4000000000
ESTC,Elastic NV,Technology,5000000000
FROG,JFrog Ltd,Technology,3500000000
GTLB,GitLab Inc,Technology,7000000000
HUBS,HubSpot Inc,Technology,20000000000
JAMF,Jamf Holding Corp,Technology,1500000000
KVYO,Klaviyo Inc,Technology,8000000000
MNDY,Monday.com,Technology,12000000000
PDFS,PDF Solutions,Technology,600000000
PEGA,Pegasystems Inc,Technology,3500000000
RDDT,Reddit Inc,Technology,15000000000
SMAR,Smartsheet Inc,Technology,5000000000
SPSC,SPS Commerce,Technology,3500000000
TASK,TaskUs Inc,Technology,700000000
TOST,Toast Inc,Technology,12000000000
WEAV,Weave Communications,Technology,500000000
ZI,ZoomInfo Technologies,Technology,4000000000
ASAN,Asana Inc,Technology,3000000000
BILL,Bill Holdings,Technology,5000000000
DDOG,Datadog Inc,Technology,40000000000
FRSH,Freshworks Inc,Technology,4000000000
MGNI,Magnite Inc,Technology,1200000000
MQ,Marqeta Inc,Technology,2500000000
NCNO,nCino Inc,Technology,3000000000
S,SentinelOne Inc,Technology,15000000000
VERX,Vertex Inc,Technology,4000000000
BIGC,BigCommerce Holdings,Technology,600000000
BOX,Box Inc,Technology,4000000000
EGHT,8x8 Inc,Technology,700000000
DOMO,Domo Inc,Technology,500000000
MSTR,MicroStrategy,Technology,20000000000
MARA,Marathon Digital Holdings,Technology,4000000000
RIOT,Riot Platforms,Technology,3000000000
HUT,Hut 8 Mining,Technology,1000000000
BTBT,Bit Digital,Technology,300000000
CIFR,Cipher Mining,Technology,400000000
WULF,TeraWulf Inc,Technology,800000000
CLSK,CleanSpark Inc,Technology,1500000000
BITF,Bitfarms Ltd,Technology,700000000
IREN,Iris Energy,Technology,900000000
CORZ,Core Scientific,Technology,3000000000
WOLF,Wolfspeed Inc,Technology,1500000000
LASR,nLIGHT Inc,Technology,500000000
COHU,Cohu Inc,Technology,700000000
ACLS,Axcelis Technologies,Technology,2500000000
ONTO,Onto Innovation,Technology,4000000000
FORM,FormFactor Inc,Technology,1500000000
AEIS,Advanced Energy Industries,Technology,3000000000
AMBA,Ambarella Inc,Technology,2000000000
SLAB,Silicon Laboratories,Technology,3000000000
ALGM,Allegro MicroSystems,Technology,3500000000
POWI,Power Integrations,Technology,3000000000
DIOD,Diodes Incorporated,Technology,1500000000
SSYS,Stratasys Ltd,Technology,800000000
XMTR,Xometry Inc,Technology,700000000
FARO,FARO Technologies,Technology,700000000
HIMX,Himax Technologies,Technology,700000000
SILC,Silicom Ltd,Technology,300000000
CEVA,CEVA Inc,Technology,500000000
KOPN,Kopin Corporation,Technology,100000000
KLIC,Kulicke & Soffa Industries,Technology,2000000000
IPGP,IPG Photonics,Technology,8000000000
LITE,Lumentum Holdings,Technology,3000000000
ACMR,ACM Research,Technology,1000000000
HLIT,Harmonic Inc,Technology,1500000000
GENI,Genius Sports,Technology,1200000000
SKLZ,Skillz Inc,Technology,200000000
VUZI,Vuzix Corporation,Technology,100000000
PCVX,Vaxcyte Inc,Biotech,8000000000
NVAX,Novavax Inc,Biotech,1500000000
VXRT,Vaxart Inc,Biotech,200000000
INO,Inovio Pharmaceuticals,Biotech,400000000
BNTX,BioNTech SE,Biotech,30000000000
MRNA,Moderna Inc,Biotech,15000000000
APLS,Apellis Pharmaceuticals,Biotech,5000000000
RCKT,Rocket Pharmaceuticals,Biotech,1000000000
FOLD,Amicus Therapeutics,Biotech,3000000000
ACAD,ACADIA Pharmaceuticals,Biotech,4000000000
PTCT,PTC Therapeutics,Biotech,2500000000
SRRK,Scholar Rock,Biotech,1500000000
ABUS,Arbutus Biopharma,Biotech,500000000
SPPI,Spectrum Pharmaceuticals,Biotech,200000000
AVDL,Avadel Pharmaceuticals,Biotech,1000000000
XNCR,Xencor Inc,Biotech,1500000000
ARDX,Ardelyx Inc,Biotech,1000000000
PRAX,Praxis Precision Medicine,Biotech,1000000000
KPTI,Karyopharm Therapeutics,Biotech,300000000
OCGN,Ocugen Inc,Biotech,400000000
LNTH,Lantheus Holdings,Healthcare,5000000000
GRAL,Grail Inc,Healthcare,3000000000
CLOV,Clover Health Investments,Healthcare,700000000
ONEM,1Life Healthcare,Healthcare,2000000000
XRAY,Dentsply Sirona,Healthcare,4000000000
RDFN,Redfin Corporation,Real Estate,900000000
COMP,Compass Inc,Real Estate,2000000000
HOUS,Anywhere Real Estate,Real Estate,600000000
EXPI,eXp World Holdings,Real Estate,1200000000
PTON,Peloton Interactive,Consumer Discretionary,2000000000
BYND,Beyond Meat,Consumer Discretionary,400000000
FRPT,Freshpet Inc,Consumer Discretionary,3000000000
XPEV,XPeng Inc,Consumer Discretionary,12000000000
NIO,NIO Inc,Consumer Discretionary,10000000000
LI,Li Auto Inc,Consumer Discretionary,20000000000
NKLA,Nikola Corporation,Consumer Discretionary,400000000
SKIN,BeautyHealth Company,Consumer Discretionary,200000000
LULU,Lululemon Athletica,Consumer Discretionary,40000000000
FUBO,fuboTV Inc,Consumer Discretionary,700000000
SPCE,Virgin Galactic Holdings,Consumer Discretionary,300000000
FLNC,Fluence Energy,Energy,1500000000
GEVO,Gevo Inc,Energy,200000000
GPRE,Green Plains,Energy,700000000
CTRA,Coterra Energy,Energy,18000000000
VTLE,Vital Energy,Energy,2000000000
CIVI,Civitas Resources,Energy,4000000000
NOG,Northern Oil and Gas,Energy,3000000000
SM,SM Energy,Energy,3500000000
MTDR,Matador Resources,Energy,6000000000
TALO,Talos Energy,Energy,1200000000
MGY,Magnolia Oil & Gas,Energy,3500000000
CPE,Callon Petroleum,Energy,2000000000
QS,QuantumScape Corporation,Energy,2500000000
MVST,Microvast Holdings,Energy,300000000
AESI,Atlas Energy Solutions,Energy,1500000000
OESX,Orion Energy Systems,Energy,100000000
ACHR,Archer Aviation,Industrials,2000000000
JOBY,Joby Aviation,Industrials,5000000000
EVEX,Eve Holding,Industrials,500000000
APOG,Apogee Enterprises,Industrials,1200000000
ATSG,Air Transport Services,Industrials,1000000000
SNDR,Schneider National,Industrials,4000000000
ARCB,ArcBest Corporation,Industrials,1500000000
SAIA,Saia Inc,Industrials,6000000000
KNSL,Kinsale Capital Group,Financial Services,8000000000
RYAN,Ryan Specialty Holdings,Financial Services,10000000000
STEP,StepStone Group,Financial Services,4000000000
GCMG,GCM Grosvenor,Financial Services,2000000000
TREE,LendingTree Inc,Financial Services,500000000
CURO,CURO Group Holdings,Financial Services,300000000
AAPL,Apple Inc,Technology,3000000000000
MSFT,Microsoft Corporation,Technology,3000000000000
AMZN,Amazon.com Inc,Technology,2000000000000
META,Meta Platforms,Technology,1500000000000
GOOGL,Alphabet Inc,Technology,2000000000000
NVDA,NVIDIA Corporation,Technology,3500000000000
AVGO,Broadcom Inc,Technology,800000000000
AMD,Advanced Micro Devices,Technology,250000000000
TSM,Taiwan Semiconductor,Technology,800000000000
ASML,ASML Holding,Technology,350000000000
AMAT,Applied Materials,Technology,150000000000
KLAC,KLA Corporation,Technology,100000000000
QCOM,Qualcomm Inc,Technology,200000000000
ADBE,Adobe Inc,Technology,200000000000
INTU,Intuit Inc,Technology,180000000000
CRM,Salesforce Inc,Technology,300000000000
ORCL,Oracle Corporation,Technology,350000000000
ARM,Arm Holdings,Technology,150000000000
JPM,JPMorgan Chase,Financial Services,600000000000
GS,Goldman Sachs,Financial Services,150000000000
MS,Morgan Stanley,Financial Services,200000000000
BAC,Bank of America,Financial Services,350000000000
SCHW,SCHW,Financial Services,5000000000
COF,COF,Financial Services,5000000000
PYPL,PayPal Holdings,Financial Services,70000000000
V,Visa Inc,Financial Services,550000000000
MA,Mastercard Inc,Financial Services,400000000000
SPGI,S&P Global,Financial Services,150000000000
MCO,Moodys Corporation,Financial Services,80000000000
CME,CME Group,Financial Services,80000000000
ICE,Intercontinental Exchange,Financial Services,85000000000
BLK,BlackRock Inc,Financial Services,150000000000
AXP,American Express,Financial Services,200000000000
BX,Blackstone Inc,Financial Services,200000000000
KKR,KKR & Co,Financial Services,100000000000
IBKR,Interactive Brokers,Financial Services,60000000000
LLY,Eli Lilly,Biotech,700000000000
NVO,Novo Nordisk,Biotech,500000000000
UNH,UnitedHealth Group,Healthcare,500000000000
JNJ,Johnson & Johnson,Healthcare,400000000000
ABBV,AbbVie Inc,Biotech,300000000000
ISRG,Intuitive Surgical,Healthcare,180000000000
TMO,Thermo Fisher Scientific,Healthcare,220000000000
REGN,Regeneron Pharmaceuticals,Biotech,100000000000
AMGN,Amgen Inc,Biotech,150000000000
DHR,Danaher Corporation,Healthcare,180000000000
HON,Honeywell International,Industrials,140000000000
CAT,Caterpillar Inc,Industrials,180000000000
DE,Deere & Company,Industrials,120000000000
UNP,Union Pacific,Industrials,150000000000
RTX,RTX Corporation,Industrials,160000000000
NOC,Northrop Grumman,Industrials,80000000000
LMT,Lockheed Martin,Industrials,120000000000
GE,GE Aerospace,Industrials,200000000000
ETN,Eaton Corporation,Industrials,130000000000
PWR,Quanta Services,Industrials,50000000000
HWM,Howmet Aerospace,Industrials,50000000000
MU,Micron Technology,Technology,120000000000
MRVL,Marvell Technology,Technology,80000000000
ON,ON Semiconductor,Technology,30000000000
NFLX,Netflix Inc,Technology,300000000000
PLTR,Palantir Technologies,Technology,150000000000
TSLA,Tesla Inc,Consumer Discretionary,800000000000
SPOT,Spotify Technology,Technology,80000000000
CDNS,Cadence Design Systems,Technology,80000000000
SNOW,Snowflake Inc,Technology,50000000000
CRWD,CrowdStrike Holdings,Technology,80000000000
PANW,Palo Alto Networks,Technology,120000000000
NOW,ServiceNow Inc,Technology,190000000000
WDAY,Workday Inc,Technology,70000000000
PG,Procter & Gamble,Consumer Staples,400000000000
PEP,PepsiCo Inc,Consumer Staples,230000000000
KO,Coca-Cola Company,Consumer Staples,270000000000
WMT,Walmart Inc,Consumer Staples,500000000000
COST,Costco Wholesale,Consumer Staples,350000000000
CL,Colgate-Palmolive,Consumer Staples,80000000000
HD,Home Depot,Consumer Discretionary,350000000000
LOW,Lowes Companies,Consumer Discretionary,140000000000
NKE,Nike Inc,Consumer Discretionary,100000000000
SBUX,Starbucks Corporation,Consumer Discretionary,100000000000
MCD,McDonalds Corporation,Consumer Discretionary,200000000000
UBER,Uber Technologies,Industrials,150000000000
BKNG,Booking Holdings,Consumer Discretionary,150000000000
ABNB,Airbnb Inc,Consumer Discretionary,80000000000
XOM,Exxon Mobil,Energy,500000000000
CVX,Chevron Corporation,Energy,280000000000
COP,ConocoPhillips,Energy,130000000000
SLB,SLB NV,Energy,60000000000
NEE,NextEra Energy,Utilities,150000000000
WM,Waste Management,Industrials,80000000000
LIN,Linde plc,Materials,200000000000
VICI,VICI Properties,Real Estate,5000000000
PSA,Public Storage,Real Estate,5000000000
AMT,American Tower,Real Estate,100000000000
EQIX,Equinix Inc,Real Estate,80000000000
CEG,Constellation Energy,Energy,70000000000
VST,Vistra Corp,Energy,40000000000
GEV,GE Vernova,Energy,50000000000
ANET,Arista Networks,Technology,100000000000
DELL,Dell Technologies,Technology,80000000000
NUE,Nucor Corporation,Materials,35000000000
RIO,Rio Tinto,Materials,100000000000
FCX,Freeport-McMoRan,Materials,70000000000
APD,Air Products,Materials,60000000000
VRT,Vertiv Holdings,Technology,40000000000
BSX,Boston Scientific,Healthcare,120000000000
PGR,Progressive Corporation,Financial Services,130000000000
AVAV,AeroVironment,Industrials,15000000000
FSLR,First Solar,Energy,25000000000
GLW,Corning Inc,Technology,35000000000
DTE,DTE Energy,Utilities,25000000000
CMS,CMS Energy,Utilities,20000000000
WRB,Berkley Corporation,Financial Services,20000000000
TKO,TKO Group Holdings,Consumer Discretionary,10000000000
DRI,Darden Restaurants,Consumer Discretionary,20000000000
DUOL,Duolingo Inc,Technology,10000000000
FIX,Comfort Systems USA,Industrials,15000000000
TEAM,Atlassian,Technology,50000000000
MSCI,MSCI Inc,Financial Services,45000000000
UPS,United Parcel Service,Industrials,100000000000
MELI,MercadoLibre,Technology,80000000000
NU,Nu Holdings,Financial Services,50000000000
RACE,Ferrari NV,Consumer Discretionary,80000000000
BABA,BABA,Consumer Discretionary,5000000000
COIN,Coinbase Global,Financial Services,50000000000
ULVR,Unilever plc,Consumer Staples,130000000000
DGE,Diageo plc,Consumer Staples,60000000000
REL,RELX plc,Technology,70000000000
AZN,AstraZeneca,Biotech,200000000000
GSK,GSK plc,Biotech,80000000000
HSBA,HSBC Holdings,Financial Services,150000000000
LGEN.L,Legal & General,Financial Services,15000000000
NG,National Grid,Utilities,20000000000
SSE,SSE plc,Utilities,20000000000
SHEL,Shell plc,Energy,200000000000
LSEG.L,London Stock Exchange Group,Financial Services,60000000000
BA.L,BAE Systems,Financial Services,10000000000
EXPN.L,Experian plc,Technology,35000000000
LLOY.L,Lloyds Banking Group,Financial Services,40000000000
CPG.L,Compass Group,Consumer Staples,10000000000
RR.L,Rolls-Royce Holdings,Industrials,50000000000
GLEN.L,Glencore plc,Materials,50000000000
BATS.L,British American Tobacco,Consumer Staples,80000000000
TSCO.L,Tesco plc,Consumer Staples,30000000000
IMB.L,Imperial Brands,Consumer Staples,20000000000
III.L,3i Group,Technology,30000000000
FERG.L,Ferguson plc,Industrials,30000000000
ABF.L,Associated British Foods,Consumer Staples,15000000000
NESN.SW,Nestle SA,Consumer Staples,250000000000
NOVN,Novartis AG,Biotech,200000000000
ROG,Roche Holding,Biotech,200000000000
SAP,SAP SE,Technology,250000000000
SIE,Siemens AG,Industrials,130000000000
ALV,Allianz SE,Financial Services,120000000000
SU,Schneider Electric,Materials,60000000000
OR,LOreal SA,Consumer Staples,240000000000
MC,LVMH,Consumer Discretionary,350000000000
TTE,TotalEnergies,Energy,150000000000
AIR.PA,Airbus SE,Industrials,120000000000
MP,MP Materials,Materials,3000000000
MT,ArcelorMittal,Materials,30000000000
LRCX,Lam Research,Technology,100000000000
TXN,Texas Instruments,Technology,180000000000
ADI,Analog Devices,Technology,110000000000
NXPI,NXP Semiconductors,Technology,60000000000
ZS,Zscaler Inc,Technology,30000000000
FTNT,Fortinet Inc,Technology,60000000000
NET,Cloudflare Inc,Technology,35000000000
MDB,MongoDB Inc,Technology,25000000000
VEEV,Veeva Systems,Technology,35000000000
TTD,The Trade Desk,Technology,40000000000
GILD,Gilead Sciences,Biotech,100000000000
DXCM,DexCom Inc,Healthcare,30000000000
IDXX,IDEXX Laboratories,Healthcare,40000000000
ZTS,Zoetis Inc,Healthcare,80000000000
SYK,Stryker Corporation,Healthcare,130000000000
EW,Edwards Lifesciences,Healthcare,45000000000
ADMA,ADMA Biologics,Biotech,5000000000
GD,General Dynamics,Industrials,80000000000
TDG,TransDigm Group,Industrials,70000000000
AXON,Axon Enterprise,Industrials,40000000000
LHX,L3Harris Technologies,Industrials,50000000000
TT,Trane Technologies,Industrials,80000000000
URI,United Rentals,Industrials,50000000000
EMR,Emerson Electric,Industrials,65000000000
ROK,Rockwell Automation,Industrials,30000000000
PH,Parker-Hannifin,Industrials,80000000000
FDX,FDX,Technology,5000000000
DECK,DECK,Technology,5000000000
CMG,CMG,Technology,5000000000
CAVA,CAVA,Technology,5000000000
ONON,ONON,Technology,5000000000
WING,WING,Technology,5000000000
TJX,TJX,Technology,5000000000
WHR,WHR,Technology,5000000000
HPQ,HPQ,Technology,5000000000
O,O,Technology,5000000000
DLR,DLR,Technology,5000000000
PLD,PLD,Technology,5000000000
CCI,CCI,Technology,5000000000
WELL,WELL,Technology,5000000000
TRV,TRV,Technology,5000000000
CB,CB,Technology,5000000000
WFC,WFC,Technology,5000000000
AON,AON,Technology,5000000000
MKTX,MKTX,Technology,5000000000
XYZ,XYZ,Technology,5000000000
CRCL,CRCL,Technology,5000000000
FIGR,FIGR,Technology,5000000000
EOG,EOG,Technology,5000000000
DVN,DVN,Technology,5000000000
MPC,MPC,Technology,5000000000
SCCO,SCCO,Technology,5000000000
GOLD,GOLD,Technology,5000000000
ARIS,ARIS,Technology,5000000000
MAR,MAR,Technology,5000000000
HLT,HLT,Technology,5000000000
LYV,LYV,Technology,5000000000
DAL,DAL,Technology,5000000000
APP,APP,Technology,5000000000
RH,RH,Technology,5000000000
IWQU.L,IWQU.L,Technology,5000000000
MPWR,MPWR,Technology,5000000000
SWKS,SWKS,Technology,5000000000
IBM,IBM,Technology,5000000000
CSCO,CSCO,Technology,5000000000
ACN,ACN,Technology,5000000000
ADSK,ADSK,Technology,5000000000
SNPS,SNPS,Technology,5000000000
ANSS,ANSS,Technology,5000000000
NTAP,NTAP,Technology,5000000000
PSTG,PSTG,Technology,5000000000
FIS,FIS,Technology,5000000000
FISV,FISV,Technology,5000000000
GPN,GPN,Technology,5000000000
NDAQ,NDAQ,Technology,5000000000
CBOE,CBOE,Technology,5000000000
WEX,WEX,Technology,5000000000
LPLA,LPLA,Technology,5000000000
RJF,RJF,Technology,5000000000
SSNC,SSNC,Technology,5000000000
SEIC,SEIC,Technology,5000000000
MDT,MDT,Technology,5000000000
ABT,ABT,Technology,5000000000
BAX,BAX,Technology,5000000000
BDX,BDX,Technology,5000000000
HOLX,HOLX,Technology,5000000000
PODD,PODD,Technology,5000000000
MMSI,MMSI,Technology,5000000000
NVCR,NVCR,Technology,5000000000
ATRC,ATRC,Technology,5000000000
INVA,INVA,Technology,5000000000
RPRX,RPRX,Technology,5000000000
JAZZ,JAZZ,Technology,5000000000
UTHR,UTHR,Technology,5000000000
LEGN,LEGN,Technology,5000000000
ARWR,ARWR,Technology,5000000000
IONS,IONS,Technology,5000000000
PTGX,PTGX,Technology,5000000000
ROP,ROP,Technology,5000000000
TRMB,TRMB,Technology,5000000000
KEYS,KEYS,Technology,5000000000
FTV,FTV,Technology,5000000000
AME,AME,Technology,5000000000
LFUS,LFUS,Technology,5000000000
ITRI,ITRI,Technology,5000000000
NOVT,NOVT,Technology,5000000000
FELE,FELE,Technology,5000000000
XPEL,XPEL,Technology,5000000000
NEP,NEP,Technology,5000000000
BEP,BEP,Technology,5000000000
BEPC,BEPC,Technology,5000000000
HASI,HASI,Technology,5000000000
SHLS,SHLS,Technology,5000000000
FTCI,FTCI,Technology,5000000000
GIS,GIS,Technology,5000000000
K,K,Technology,5000000000
CPB,CPB,Technology,5000000000
MKC,MKC,Technology,5000000000
SJM,SJM,Technology,5000000000
MDLZ,MDLZ,Technology,5000000000
HSY,HSY,Technology,5000000000
CAG,CAG,Technology,5000000000
CHD,CHD,Technology,5000000000
HRL,HRL,Technology,5000000000
BBOX.L,BBOX.L,Technology,5000000000
LAND.L,LAND.L,Technology,5000000000
SGRO.L,SGRO.L,Technology,5000000000
BLND.L,BLND.L,Technology,5000000000
NXT.L,NXT.L,Technology,5000000000
SBRY.L,SBRY.L,Technology,5000000000
OCDO.L,OCDO.L,Technology,5000000000
AHT.L,AHT.L,Technology,5000000000
CATT.L,CATT.L,Technology,5000000000
WISE.L,WISE.L,Technology,5000000000
IMCD.AS,IMCD.AS,Technology,5000000000
BESI.AS,BESI.AS,Technology,5000000000
GMAB.CO,GMAB.CO,Technology,5000000000
EVO.ST,EVO.ST,Technology,5000000000
SINCH.ST,SINCH.ST,Technology,5000000000
ERF,ERF,Technology,5000000000
TKWY.AS,TKWY.AS,Technology,5000000000
DSFIR.AS,DSFIR.AS,Technology,5000000000
ASRNL.AS,ASRNL.AS,Technology,5000000000
ELS,ELS,Technology,5000000000
UDR,UDR,Technology,5000000000
CPT,CPT,Technology,5000000000
NNN,NNN,Technology,5000000000
BXP,BXP,Technology,5000000000
IIPR,IIPR,Technology,5000000000
SAFE,SAFE,Technology,5000000000
UNIT,UNIT,Technology,5000000000
ROIC,ROIC,Technology,5000000000
ALEX,ALEX,Technology,5000000000
HPE,HPE,Technology,5000000000
PRU,PRU,Technology,5000000000
MET,MET,Technology,5000000000
AFL,AFL,Technology,5000000000
ALL,ALL,Technology,5000000000
HIG,HIG,Technology,5000000000
CINF,CINF,Technology,5000000000
EG,EG,Technology,5000000000
RNR,RNR,Technology,5000000000
ERIE,ERIE,Technology,5000000000
BMY,BMY,Technology,5000000000
PFE,Pfizer Inc,Biotech,150000000000
BIIB,BIIB,Technology,5000000000
INCY,INCY,Technology,5000000000
EXEL,EXEL,Technology,5000000000
ROIV,ROIV,Technology,5000000000
TLX,TLX,Technology,5000000000
CSL.AX,CSL.AX,Technology,5000000000
KTOS,KTOS,Technology,5000000000
BWXT,BWXT,Technology,5000000000
DRS,DRS,Technology,5000000000
CACI,CACI,Technology,5000000000
SAIC,SAIC,Technology,5000000000
TDY,TDY,Technology,5000000000
HEI,HEI,Technology,5000000000
ESAB,ESAB,Technology,5000000000
GTLS,GTLS,Technology,5000000000
IDEX,IDEX,Technology,5000000000
OXY,OXY,Technology,5000000000
FANG,FANG,Technology,5000000000
HAL,HAL,Technology,5000000000
BKR,BKR,Technology,5000000000
KMI,KMI,Technology,5000000000
WMB,WMB,Technology,5000000000
LNG,LNG,Technology,5000000000
TRGP,TRGP,Technology,5000000000
PR,PR,Technology,5000000000
DG,DG,Technology,5000000000
DLTR,DLTR,Technology,5000000000
FIVE,FIVE,Technology,5000000000
WSM,WSM,Technology,5000000000
CHWY,CHWY,Technology,5000000000
YETI,YETI,Technology,5000000000
BROS,BROS,Technology,5000000000
TSCO,TSCO,Technology,5000000000
JET2.L,JET2.L,Technology,5000000000
HIK.L,HIK.L,Technology,5000000000
MNDI.L,MNDI.L,Technology,5000000000
ITV.L,ITV.L,Technology,5000000000
MKS.L,MKS.L,Technology,5000000000
AUTO.L,AUTO.L,Technology,5000000000
DPLM.L,DPLM.L,Technology,5000000000
SDR.L,SDR.L,Technology,5000000000
WPP.L,WPP.L,Technology,5000000000
PSON.L,PSON.L,Technology,5000000000
BNP.PA,BNP.PA,Technology,5000000000
DBK,DBK,Technology,5000000000
DSV.CO,DSV.CO,Technology,5000000000
NESTE.HE,NESTE.HE,Technology,5000000000
IFX,IFX,Technology,5000000000
STM,STM,Technology,5000000000
KER.PA,KER.PA,Technology,5000000000
HLAG,HLAG,Technology,5000000000
UCG,UCG,Technology,5000000000
AD.AS,AD.AS,Technology,5000000000
GRAB,GRAB,Technology,5000000000
SEA,SEA,Technology,5000000000
PDD,PDD,Technology,5000000000
JD,JD,Technology,5000000000
VALE,VALE,Technology,5000000000
ITUB,ITUB,Technology,5000000000
WDS,WDS,Technology,5000000000
BRFS,BRFS,Technology,5000000000
BIDU,BIDU,Technology,5000000000
IRM,IRM,Technology,5000000000
INVH,INVH,Technology,5000000000
EXR,EXR,Technology,5000000000
ARE,ARE,Technology,5000000000
HST,HST,Technology,5000000000
COLD,COLD,Technology,5000000000
GLPI,GLPI,Technology,5000000000
SBA,SBA,Technology,5000000000
STAG,STAG,Technology,5000000000
KIM,KIM,Technology,5000000000
PCTY,PCTY,Technology,5000000000
PAYC,PAYC,Technology,5000000000
CIEN,CIEN,Technology,5000000000
ALTR,ALTR,Technology,5000000000
MTH,MTH,Technology,5000000000
HIFS,HIFS,Technology,5000000000
CTAS,CTAS,Technology,5000000000
FAST,FAST,Technology,5000000000
GWW,GWW,Technology,5000000000
ITW,ITW,Technology,5000000000
DOV,DOV,Technology,5000000000
RSG,RSG,Technology,5000000000
CNI,CNI,Technology,5000000000
CP,CP,Technology,5000000000
CSX,CSX,Technology,5000000000
NSC,NSC,Technology,5000000000
WAB,WAB,Technology,5000000000
TMUS,TMUS,Technology,5000000000
VZ,VZ,Technology,5000000000
T,T,Technology,5000000000
ECL,ECL,Technology,5000000000
SHW,SHW,Technology,5000000000
BHP,BHP,Technology,5000000000
TECK,TECK,Technology,5000000000
NEM,NEM,Technology,5000000000
AEM,AEM,Technology,5000000000
WPM,WPM,Technology,5000000000
STLD,STLD,Technology,5000000000
ORLY,ORLY,Technology,5000000000
AZO,AZO,Technology,5000000000
ULTA,ULTA,Technology,5000000000
FRG,FRG,Technology,5000000000
DPZ,DPZ,Technology,5000000000
YUM,YUM,Technology,5000000000
MKL,MKL,Technology,5000000000
FICO,FICO,Technology,5000000000
SE,SE,Technology,5000000000
HUBB,HUBB,Technology,5000000000
ELV,ELV,Technology,5000000000
WEIR.L,WEIR.L,Technology,5000000000
REL.L,REL.L,Technology,5000000000
SHEL.L,SHEL.L,Technology,5000000000
BP.L,BP.L,Technology,5000000000
HSX.L,HSX.L,Technology,5000000000
PRU.L,PRU.L,Technology,5000000000
BAE.L,BAE.L,Technology,5000000000
AAL.L,AAL.L,Technology,5000000000
RIO.L,RIO.L,Technology,5000000000
SMT.L,SMT.L,Technology,5000000000
INF.L,INF.L,Technology,5000000000
VRSN,VRSN,Technology,5000000000
LOGI,LOGI,Technology,5000000000
PCOR,PCOR,Technology,5000000000
MTCH,MTCH,Technology,5000000000
SQSP,SQSP,Technology,5000000000
LSCC,LSCC,Technology,5000000000
PYCR,PYCR,Technology,5000000000
GLBE,GLBE,Technology,5000000000
SRAD,SRAD,Technology,5000000000
TENB,TENB,Technology,5000000000
CRUS,CRUS,Technology,5000000000
CNXC,CNXC,Technology,5000000000
VRRM,VRRM,Technology,5000000000
CRDO,CRDO,Technology,5000000000
QTWO,QTWO,Technology,5000000000
SENS,SENS,Technology,5000000000
PWSC,PWSC,Technology,5000000000
ESMT,ESMT,Technology,5000000000
IDCC,IDCC,Technology,5000000000
CALX,CALX,Technology,5000000000
SATS,SATS,Technology,5000000000
FIVN,FIVN,Technology,5000000000
UPWK,UPWK,Technology,5000000000
VIAV,VIAV,Technology,5000000000
SDGR,SDGR,Technology,5000000000
AZTA,AZTA,Technology,5000000000
LSPD,LSPD,Technology,5000000000
INTA,INTA,Technology,5000000000
FORG,FORG,Technology,5000000000
TTGT,TTGT,Technology,5000000000
TTMI,TTMI,Technology,5000000000
SSTK,SSTK,Technology,5000000000
UCTT,UCTT,Technology,5000000000
DFIN,DFIN,Technology,5000000000
EVER,EVER,Technology,5000000000
BMBL,BMBL,Technology,5000000000
GRND,GRND,Technology,5000000000
AVDX,AVDX,Technology,5000000000
FSLY,FSLY,Technology,5000000000
VECO,VECO,Technology,5000000000
CARS,CARS,Technology,5000000000
YEXT,YEXT,Technology,5000000000
DCBO,DCBO,Technology,5000000000
VNET,VNET,Technology,5000000000
STGW,STGW,Technology,5000000000
SITM,SITM,Technology,5000000000
SUMO,SUMO,Technology,5000000000
TWKS,TWKS,Technology,5000000000
KARO,KARO,Technology,5000000000
NBIX,NBIX,Technology,5000000000
ASND,ASND,Technology,5000000000
SMMT,SMMT,Technology,5000000000
HALO,HALO,Technology,5000000000
BPMC,BPMC,Technology,5000000000
CRNX,CRNX,Technology,5000000000
GLPG,GLPG,Technology,5000000000
CORT,CORT,Technology,5000000000
BHVN,BHVN,Technology,5000000000
KRTX,KRTX,Technology,5000000000
DNLI,DNLI,Technology,5000000000
IDYA,IDYA,Technology,5000000000
MLTX,MLTX,Technology,5000000000
XENE,XENE,Technology,5000000000
ARVN,ARVN,Technology,5000000000
PRTA,PRTA,Technology,5000000000
ZYME,ZYME,Technology,5000000000
ZLAB,ZLAB,Technology,5000000000
APGE,APGE,Technology,5000000000
JANX,JANX,Technology,5000000000
INBX,INBX,Technology,5000000000
CLDX,CLDX,Technology,5000000000
EDGW,EDGW,Technology,5000000000
ALVO,ALVO,Technology,5000000000
ISEE,ISEE,Technology,5000000000
NMRA,NMRA,Technology,5000000000
COLL,COLL,Technology,5000000000
MIRM,MIRM,Technology,5000000000
VERV,VERV,Technology,5000000000
LQDA,LQDA,Technology,5000000000
HRMY,HRMY,Technology,5000000000
QGEN,QGEN,Technology,5000000000
VTRS,VTRS,Technology,5000000000
EXAS,EXAS,Technology,5000000000
SWAV,SWAV,Technology,5000000000
RGEN,RGEN,Technology,5000000000
RPSNF,RPSNF,Technology,5000000000
ENSG,ENSG,Technology,5000000000
PACS,PACS,Technology,5000000000
OSCR,OSCR,Technology,5000000000
GKOS,GKOS,Technology,5000000000
PRGO,PRGO,Technology,5000000000
VCYT,VCYT,Technology,5000000000
BTSG,BTSG,Technology,5000000000
PDCO,PDCO,Technology,5000000000
EOLS,EOLS,Technology,5000000000
NARI,NARI,Technology,5000000000
ENOV,ENOV,Technology,5000000000
AXNX,AXNX,Technology,5000000000
CNMD,CNMD,Technology,5000000000
INMD,INMD,Technology,5000000000
SGRY,SGRY,Technology,5000000000
MYGN,MYGN,Technology,5000000000
MRVI,MRVI,Technology,5000000000
PCRX,PCRX,Technology,5000000000
LMAT,LMAT,Technology,5000000000
VRSK,VRSK,Technology,5000000000
WLTW,WLTW,Technology,5000000000
ZION,ZION,Technology,5000000000
WTFC,WTFC,Technology,5000000000
FOUR,FOUR,Technology,5000000000
HLNE,HLNE,Technology,5000000000
UBSI,UBSI,Technology,5000000000
VIRT,VIRT,Technology,5000000000
HOMB,HOMB,Technology,5000000000
COOP,COOP,Technology,5000000000
TCBIO,TCBIO,Technology,5000000000
STNE,STNE,Technology,5000000000
QFIN,QFIN,Technology,5000000000
RELY,RELY,Technology,5000000000
LZAGY,LZAGY,Technology,5000000000
WSFS,WSFS,Technology,5000000000
SYBT,SYBT,Technology,5000000000
SNEX,SNEX,Technology,5000000000
SFNC,SFNC,Technology,5000000000
PAYO,PAYO,Technology,5000000000
WSBC,WSBC,Technology,5000000000
SPNT,SPNT,Technology,5000000000
LKFN,LKFN,Technology,5000000000
SKWD,SKWD,Technology,5000000000
EFSC,EFSC,Technology,5000000000
CASH,CASH,Technology,5000000000
STBA,STBA,Technology,5000000000
VBTX,VBTX,Technology,5000000000
VRTS,VRTS,Technology,5000000000
UPBD,UPBD,Technology,5000000000
RNST,RNST,Technology,5000000000
OCFC,OCFC,Technology,5000000000
DASH,DASH,Technology,5000000000
KVUE,KVUE,Technology,5000000000
BURL,BURL,Technology,5000000000
TXRH,TXRH,Technology,5000000000
ETSY,ETSY,Technology,5000000000
VIPS,VIPS,Technology,5000000000
TPXGY,TPXGY,Technology,5000000000
WYND,WYND,Technology,5000000000
LYFT,LYFT,Technology,5000000000
NXST,NXST,Technology,5000000000
SHAK,SHAK,Technology,5000000000
MLCO,MLCO,Technology,5000000000
NOMD,NOMD,Technology,5000000000
WDFC,WDFC,Technology,5000000000
HAYW,HAYW,Technology,5000000000
WLYB,WLYB,Technology,5000000000
SMPL,SMPL,Technology,5000000000
VSTO,VSTO,Technology,5000000000
MSGE,MSGE,Technology,5000000000
VITL,VITL,Technology,5000000000
ARHS,ARHS,Technology,5000000000
VSCO,VSCO,Technology,5000000000
TLRY,TLRY,Technology,5000000000
UHAL,UHAL,Technology,5000000000
AZEK,AZEK,Technology,5000000000
SLGN,SLGN,Technology,5000000000
HLIO,HLIO,Technology,5000000000
SLNK,SLNK,Technology,5000000000
PTVE,PTVE,Technology,5000000000
SBLK,SBLK,Technology,5000000000
ROAD,ROAD,Technology,5000000000
ULCC,ULCC,Technology,5000000000
VRTV,VRTV,Technology,5000000000
HWKN,HWKN,Technology,5000000000
GRAM,GRAM,Technology,5000000000
MPLX,MPLX,Technology,5000000000
RGLD,RGLD,Technology,5000000000
TZPS,TZPS,Technology,5000000000
WFRD,WFRD,Technology,5000000000
GLNG,GLNG,Technology,5000000000
SBSW,SBSW,Technology,5000000000
XPRO,XPRO,Technology,5000000000
EVGO,EVGO,Technology,5000000000
PEAK,PEAK,Technology,5000000000
REXR,REXR,Technology,5000000000
FCPT,FCPT,Technology,5000000000
TRTX,TRTX,Technology,5000000000
NTST,NTST,Technology,5000000000
RKLB,RKLB,Speculative,500000000
ASTS,ASTS,Speculative,500000000
LUNR,LUNR,Speculative,500000000
OKLO,OKLO,Speculative,500000000
QBTS,QBTS,Speculative,500000000
HYMC,HYMC,Speculative,500000000
UUUU,UUUU,Speculative,500000000
UEC,UEC,Speculative,500000000
DNN,DNN,Speculative,500000000
SOUN,SOUN,Speculative,500000000
BBAI,BBAI,Speculative,500000000
RZLV,RZLV,Speculative,500000000
APLD,APLD,Speculative,500000000
CRWV,CRWV,Speculative,500000000
RGTI,RGTI,Speculative,500000000
QUBT,QUBT,Speculative,500000000
NBIS,NBIS,Speculative,500000000
SMTC,SMTC,Speculative,500000000
RDW,RDW,Speculative,500000000
ALAB,ALAB,Speculative,500000000
AI,AI,Speculative,500000000
GFS,GFS,Speculative,500000000
AG,AG,Speculative,500000000
PAAS,PAAS,Speculative,500000000
CLF,CLF,Speculative,500000000
AA,AA,Speculative,500000000
SRPT,SRPT,Speculative,500000000
ROKU,ROKU,Speculative,500000000
AEHR,AEHR,Speculative,500000000
AIOT,AIOT,Speculative,500000000
BAND,BAND,Speculative,500000000
BCOV,BCOV,Speculative,500000000
BOWX,BOWX,Speculative,500000000
CLFD,CLFD,Speculative,500000000
CLPS,CLPS,Speculative,500000000
CLRO,CLRO,Speculative,500000000
COMM,COMM,Speculative,500000000
CTLP,CTLP,Speculative,500000000
DGII,DGII,Speculative,500000000
DKDCA,DKDCA,Speculative,500000000
EGAN,EGAN,Speculative,500000000
EGIO,EGIO,Speculative,500000000
ENFN,ENFN,Speculative,500000000
ERON,ERON,Speculative,500000000
FORA,FORA,Speculative,500000000
GDYN,GDYN,Speculative,500000000
GSIT,GSIT,Speculative,500000000
HOLO,HOLO,Speculative,500000000
HSAI,HSAI,Speculative,500000000
INPX,INPX,Speculative,500000000
INSG,INSG,Speculative,500000000
JTEK,JTEK,Speculative,500000000
KNWN,KNWN,Speculative,500000000
KSCP,KSCP,Speculative,500000000
LGTY,LGTY,Speculative,500000000
LLAP,LLAP,Speculative,500000000
LUNA,LUNA,Speculative,500000000
LVOX,LVOX,Speculative,500000000
MAPS,MAPS,Speculative,500000000
MASS,MASS,Speculative,500000000
MBTC,MBTC,Speculative,500000000
MKDW,MKDW,Speculative,500000000
MTTR,MTTR,Speculative,500000000
OPRA,OPRA,Speculative,500000000
OUST,OUST,Speculative,500000000
PLAB,PLAB,Speculative,500000000
PNTM,PNTM,Speculative,500000000
PPIH,PPIH,Speculative,500000000
PRLB,PRLB,Speculative,500000000
PSIG,PSIG,Speculative,500000000
PUBM,PUBM,Speculative,500000000
PWFL,PWFL,Speculative,500000000
PXLW,PXLW,Speculative,500000000
QNST,QNST,Speculative,500000000
RDVT,RDVT,Speculative,500000000
RFIL,RFIL,Speculative,500000000
RMNI,RMNI,Speculative,500000000
ROSG,ROSG,Speculative,500000000
RTLX,RTLX,Speculative,500000000
RZLT,RZLT,Speculative,500000000
SCKT,SCKT,Speculative,500000000
SKIL,SKIL,Speculative,500000000
SNCR,SNCR,Speculative,500000000
SNPO,SNPO,Speculative,500000000
SOBR,SOBR,Speculative,500000000
SOFO,SOFO,Speculative,500000000
SONM,SONM,Speculative,500000000
SOTK,SOTK,Speculative,500000000
SPIR,SPIR,Speculative,500000000
SSII,SSII,Speculative,500000000
SSTI,SSTI,Speculative,500000000
STRR,STRR,Speculative,500000000
SVFD,SVFD,Speculative,500000000
SVNX,SVNX,Speculative,500000000
SWVL,SWVL,Speculative,500000000
TACT,TACT,Speculative,500000000
TBLA,TBLA,Speculative,500000000
TCOA,TCOA,Speculative,500000000
TRMR,TRMR,Speculative,500000000
UKXMY,UKXMY,Speculative,500000000
UPLD,UPLD,Speculative,500000000
UTSI,UTSI,Speculative,500000000
VERB,VERB,Speculative,500000000
VERI,VERI,Speculative,500000000
VISN,VISN,Speculative,500000000
VLNS,VLNS,Speculative,500000000
VMEO,VMEO,Speculative,500000000
VONE,VONE,Speculative,500000000
WAVD,WAVD,Speculative,500000000
WCLD,WCLD,Speculative,500000000
WDSY,WDSY,Speculative,500000000
WGMI,WGMI,Speculative,500000000
WIFI,WIFI,Speculative,500000000
WIMI,WIMI,Speculative,500000000
WISA,WISA,Speculative,500000000
WKME,WKME,Speculative,500000000
WORX,WORX,Speculative,500000000
WRAP,WRAP,Speculative,500000000
WRTC,WRTC,Speculative,500000000
XGTI,XGTI,Speculative,500000000
XHUN,XHUN,Speculative,500000000
XPER,XPER,Speculative,500000000
XRTX,XRTX,Speculative,500000000
XYLO,XYLO,Speculative,500000000
ZFOX,ZFOX,Speculative,500000000
ZPET,ZPET,Speculative,500000000
ZPNL,ZPNL,Speculative,500000000
ZPTA,ZPTA,Speculative,500000000
ZTLK,ZTLK,Speculative,500000000
ALEC,ALEC,Speculative,500000000
ARNA,ARNA,Speculative,500000000
ATAI,ATAI,Speculative,500000000
ATNF,ATNF,Speculative,500000000
AUPH,AUPH,Speculative,500000000
AUTL,AUTL,Speculative,500000000
AVTE,AVTE,Speculative,500000000
BCAB,BCAB,Speculative,500000000
BDTX,BDTX,Speculative,500000000
BLTE,BLTE,Speculative,500000000
BLUE,BLUE,Speculative,500000000
BNGO,BNGO,Speculative,500000000
BOLT,BOLT,Speculative,500000000
CBIO,CBIO,Speculative,500000000
CDMO,CDMO,Speculative,500000000
CELC,CELC,Speculative,500000000
CGEM,CGEM,Speculative,500000000
CHRS,CHRS,Speculative,500000000
CNTB,CNTB,Speculative,500000000
CRBP,CRBP,Speculative,500000000
CRDF,CRDF,Speculative,500000000
CRVS,CRVS,Speculative,500000000
CTMX,CTMX,Speculative,500000000
CYCN,CYCN,Speculative,500000000
DBVT,DBVT,Speculative,500000000
DNTH,DNTH,Speculative,500000000
DSGN,DSGN,Speculative,500000000
DTIL,DTIL,Speculative,500000000
DYAI,DYAI,Speculative,500000000
ELEV,ELEV,Speculative,500000000
ELVN,ELVN,Speculative,500000000
ENVB,ENVB,Speculative,500000000
ERAS,ERAS,Speculative,500000000
FBIO,FBIO,Speculative,500000000
FDMT,FDMT,Speculative,500000000
FHTX,FHTX,Speculative,500000000
FULC,FULC,Speculative,500000000
GHRS,GHRS,Speculative,500000000
GLYC,GLYC,Speculative,500000000
GNLX,GNLX,Speculative,500000000
GOSS,GOSS,Speculative,500000000
GRTS,GRTS,Speculative,500000000
GTHX,GTHX,Speculative,500000000
HARP,HARP,Speculative,500000000
HUMA,HUMA,Speculative,500000000
IFRX,IFRX,Speculative,500000000
IGMS,IGMS,Speculative,500000000
IMGO,IMGO,Speculative,500000000
IMTX,IMTX,Speculative,500000000
IRON,IRON,Speculative,500000000
ITOS,ITOS,Speculative,500000000
IXHL,IXHL,Speculative,500000000
JNCE,JNCE,Speculative,500000000
JSPR,JSPR,Speculative,500000000
KALA,KALA,Speculative,500000000
KALV,KALV,Speculative,500000000
KNSA,KNSA,Speculative,500000000
LABP,LABP,Speculative,500000000
LBPH,LBPH,Speculative,500000000
LMNL,LMNL,Speculative,500000000
LPCN,LPCN,Speculative,500000000
LYEL,LYEL,Speculative,500000000
MACK,MACK,Speculative,500000000
MBIO,MBIO,Speculative,500000000
MBRX,MBRX,Speculative,500000000
MCRB,MCRB,Speculative,500000000
MGNX,MGNX,Speculative,500000000
MOLN,MOLN,Speculative,500000000
MURA,MURA,Speculative,500000000
MYMD,MYMD,Speculative,500000000
NERV,NERV,Speculative,500000000
NGNE,NGNE,Speculative,500000000
NKTR,NKTR,Speculative,500000000
NKTX,NKTX,Speculative,500000000
NLSP,NLSP,Speculative,500000000
NRIX,NRIX,Speculative,500000000
NRSN,NRSN,Speculative,500000000
NRXP,NRXP,Speculative,500000000
NYMX,NYMX,Speculative,500000000
OCUL,OCUL,Speculative,500000000
ORIC,ORIC,Speculative,500000000
ORMP,ORMP,Speculative,500000000
ORTX,ORTX,Speculative,500000000
OTLK,OTLK,Speculative,500000000
OVID,OVID,Speculative,500000000
OYST,OYST,Speculative,500000000
PDSB,PDSB,Speculative,500000000
PHAT,PHAT,Speculative,500000000
PHIO,PHIO,Speculative,500000000
PIRS,PIRS,Speculative,500000000
PLUR,PLUR,Speculative,500000000
PMVP,PMVP,Speculative,500000000
PPBT,PPBT,Speculative,500000000
PROC,PROC,Speculative,500000000
PROG,PROG,Speculative,500000000
PRVB,PRVB,Speculative,500000000
PSTV,PSTV,Speculative,500000000
PTIX,PTIX,Speculative,500000000
PYPD,PYPD,Speculative,500000000
QNRX,QNRX,Speculative,500000000
RAPT,RAPT,Speculative,500000000
RCUS,RCUS,Speculative,500000000
RENB,RENB,Speculative,500000000
REPL,REPL,Speculative,500000000
RGLS,RGLS,Speculative,500000000
RGNX,RGNX,Speculative,500000000
RLAY,RLAY,Speculative,500000000
RLMD,RLMD,Speculative,500000000
RNAC,RNAC,Speculative,500000000
RPTX,RPTX,Speculative,500000000
RUBY,RUBY,Speculative,500000000
RVPH,RVPH,Speculative,500000000
SANG,SANG,Speculative,500000000
SBFM,SBFM,Speculative,500000000
SCNI,SCNI,Speculative,500000000
SELB,SELB,Speculative,500000000
SGMO,SGMO,Speculative,500000000
SIOX,SIOX,Speculative,500000000
SLDB,SLDB,Speculative,500000000
SLNO,SLNO,Speculative,500000000
SLRX,SLRX,Speculative,500000000
SNSE,SNSE,Speculative,500000000
SNTX,SNTX,Speculative,500000000
SPRB,SPRB,Speculative,500000000
SPRC,SPRC,Speculative,500000000
SPRO,SPRO,Speculative,500000000
SPRY,SPRY,Speculative,500000000
STOK,STOK,Speculative,500000000
STRO,STRO,Speculative,500000000
SXTC,SXTC,Speculative,500000000
SYBX,SYBX,Speculative,500000000
SYRS,SYRS,Speculative,500000000
TBPH,TBPH,Speculative,500000000
TCRX,TCRX,Speculative,500000000
TERN,TERN,Speculative,500000000
TGEN,TGEN,Speculative,500000000
THTX,THTX,Speculative,500000000
TLPH,TLPH,Speculative,500000000
TNYA,TNYA,Speculative,500000000
TORC,TORC,Speculative,500000000
TRDA,TRDA,Speculative,500000000
TRVI,TRVI,Speculative,500000000
TRVN,TRVN,Speculative,500000000
TSHA,TSHA,Speculative,500000000
URGN,URGN,Speculative,500000000
VALN,VALN,Speculative,500000000
VCNX,VCNX,Speculative,500000000
VIGL,VIGL,Speculative,500000000
VIRI,VIRI,Speculative,500000000
VLON,VLON,Speculative,500000000
VNDA,VNDA,Speculative,500000000
VRCA,VRCA,Speculative,500000000
VTGN,VTGN,Speculative,500000000
VYGR,VYGR,Speculative,500000000
VYNT,VYNT,Speculative,500000000
WINT,WINT,Speculative,500000000
XBIT,XBIT,Speculative,500000000
XCUR,XCUR,Speculative,500000000
XERS,XERS,Speculative,500000000
XFOR,XFOR,Speculative,500000000
XOMA,XOMA,Speculative,500000000
XTLB,XTLB,Speculative,500000000
YMAB,YMAB,Speculative,500000000
ZGNX,ZGNX,Speculative,500000000
ZNTE,ZNTE,Speculative,500000000
ZNTL,ZNTL,Speculative,500000000
ZSAN,ZSAN,Speculative,500000000
ZURA,ZURA,Speculative,500000000
ZVRA,ZVRA,Speculative,500000000
AKYA,AKYA,Speculative,500000000
ATEC,ATEC,Speculative,500000000
BFLY,BFLY,Speculative,500000000
BLFS,BLFS,Speculative,500000000
CCRN,CCRN,Speculative,500000000
CDNA,CDNA,Speculative,500000000
CMRX,CMRX,Speculative,500000000
CSTL,CSTL,Speculative,500000000
CTSO,CTSO,Speculative,500000000
CYRX,CYRX,Speculative,500000000
DCGO,DCGO,Speculative,500000000
DRIO,DRIO,Speculative,500000000
DRTS,DRTS,Speculative,500000000
EMBC,EMBC,Speculative,500000000
FLGT,FLGT,Speculative,500000000
GNPX,GNPX,Speculative,500000000
HCAT,HCAT,Speculative,500000000
HNGR,HNGR,Speculative,500000000
HROW,HROW,Speculative,500000000
HTGM,HTGM,Speculative,500000000
INFU,INFU,Speculative,500000000
INGN,INGN,Speculative,500000000
IVVD,IVVD,Speculative,500000000
KDLY,KDLY,Speculative,500000000
KIDS,KIDS,Speculative,500000000
LNSR,LNSR,Speculative,500000000
MDAI,MDAI,Speculative,500000000
MODV,MODV,Speculative,500000000
MPLN,MPLN,Speculative,500000000
MTEM,MTEM,Speculative,500000000
NHWK,NHWK,Speculative,500000000
NIOX,NIOX,Speculative,500000000
NNOX,NNOX,Speculative,500000000
NOTV,NOTV,Speculative,500000000
NSTG,NSTG,Speculative,500000000
OABI,OABI,Speculative,500000000
OFIX,OFIX,Speculative,500000000
OPRX,OPRX,Speculative,500000000
OPTN,OPTN,Speculative,500000000
ORKA,ORKA,Speculative,500000000
OSUR,OSUR,Speculative,500000000
OTRK,OTRK,Speculative,500000000
PAHC,PAHC,Speculative,500000000
PAVM,PAVM,Speculative,500000000
PROF,PROF,Speculative,500000000
PRPH,PRPH,Speculative,500000000
PRXS,PRXS,Speculative,500000000
PSNL,PSNL,Speculative,500000000
QTRX,QTRX,Speculative,500000000
RNLX,RNLX,Speculative,500000000
RPID,RPID,Speculative,500000000
RVNC,RVNC,Speculative,500000000
SERA,SERA,Speculative,500000000
SGHT,SGHT,Speculative,500000000
SHCR,SHCR,Speculative,500000000
SNYR,SNYR,Speculative,500000000
SPOK,SPOK,Speculative,500000000
SRDX,SRDX,Speculative,500000000
SRGA,SRGA,Speculative,500000000
SRTS,SRTS,Speculative,500000000
SSKN,SSKN,Speculative,500000000
STXS,STXS,Speculative,500000000
SURG,SURG,Speculative,500000000
SYTA,SYTA,Speculative,500000000
TALK,TALK,Speculative,500000000
TCMD,TCMD,Speculative,500000000
TELA,TELA,Speculative,500000000
TKNO,TKNO,Speculative,500000000
TMCI,TMCI,Speculative,500000000
TNON,TNON,Speculative,500000000
TXMD,TXMD,Speculative,500000000
USPH,USPH,Speculative,500000000
UTMD,UTMD,Speculative,500000000
VISP,VISP,Speculative,500000000
VIVE,VIVE,Speculative,500000000
VNRX,VNRX,Speculative,500000000
VRAY,VRAY,Speculative,500000000
VREX,VREX,Speculative,500000000
VVOS,VVOS,Speculative,500000000
ZJYL,ZJYL,Speculative,500000000
ZYXI,ZYXI,Speculative,500000000
AMTB,AMTB,Speculative,500000000
AROW,AROW,Speculative,500000000
AUCB,AUCB,Speculative,500000000
BIGZ,BIGZ,Speculative,500000000
BRDG,BRDG,Speculative,500000000
CMPO,CMPO,Speculative,500000000
EMLD,EMLD,Speculative,500000000
EZPW,EZPW,Speculative,500000000
FRGE,FRGE,Speculative,500000000
GCBC,GCBC,Speculative,500000000
HONE,HONE,Speculative,500000000
HRZN,HRZN,Speculative,500000000
KCGI,KCGI,Speculative,500000000
KINS,KINS,Speculative,500000000
KPLT,KPLT,Speculative,500000000
LCNB,LCNB,Speculative,500000000
LEGA,LEGA,Speculative,500000000
LPRO,LPRO,Speculative,500000000
MCBS,MCBS,Speculative,500000000
MGYR,MGYR,Speculative,500000000
MSVB,MSVB,Speculative,500000000
NCPL,NCPL,Speculative,500000000
NRDS,NRDS,Speculative,500000000
NRIM,NRIM,Speculative,500000000
NYAX,NYAX,Speculative,500000000
OSBC,OSBC,Speculative,500000000
PBFS,PBFS,Speculative,500000000
PEBO,PEBO,Speculative,500000000
PFMT,PFMT,Speculative,500000000
PKBK,PKBK,Speculative,500000000
PRPB,PRPB,Speculative,500000000
PSFE,PSFE,Speculative,500000000
PTHP,PTHP,Speculative,500000000
PVBC,PVBC,Speculative,500000000
RCFA,RCFA,Speculative,500000000
RFAC,RFAC,Speculative,500000000
RRAC,RRAC,Speculative,500000000
RRBI,RRBI,Speculative,500000000
SAMA,SAMA,Speculative,500000000
SAMG,SAMG,Speculative,500000000
SFBC,SFBC,Speculative,500000000
SISY,SISY,Speculative,500000000
SLQT,SLQT,Speculative,500000000
SNTG,SNTG,Speculative,500000000
SPTK,SPTK,Speculative,500000000
SSBI,SSBI,Speculative,500000000
SSBK,SSBK,Speculative,500000000
SSIC,SSIC,Speculative,500000000
STWO,STWO,Speculative,500000000
SUNL,SUNL,Speculative,500000000
SWKH,SWKH,Speculative,500000000
TBMC,TBMC,Speculative,500000000
TBNK,TBNK,Speculative,500000000
TCVA,TCVA,Speculative,500000000
TIPT,TIPT,Speculative,500000000
TPVG,TPVG,Speculative,500000000
UBCP,UBCP,Speculative,500000000
UBFO,UBFO,Speculative,500000000
UNTY,UNTY,Speculative,500000000
UVSP,UVSP,Speculative,500000000
WAVS,WAVS,Speculative,500000000
WETG,WETG,Speculative,500000000
WNEB,WNEB,Speculative,500000000
WNNR,WNNR,Speculative,500000000
WRLD,WRLD,Speculative,500000000
WTBA,WTBA,Speculative,500000000
XFIN,XFIN,Speculative,500000000
YOTA,YOTA,Speculative,500000000
YOUN,YOUN,Speculative,500000000
ZWRK,ZWRK,Speculative,500000000
BARK,BARK,Speculative,500000000
COCO,COCO,Speculative,500000000
COOK,COOK,Speculative,500000000
CRON,CRON,Speculative,500000000
DIBS,DIBS,Speculative,500000000
FLXS,FLXS,Speculative,500000000
FNKO,FNKO,Speculative,500000000
FTLF,FTLF,Speculative,500000000
FWRG,FWRG,Speculative,500000000
GRPN,GRPN,Speculative,500000000
HOFV,HOFV,Speculative,500000000
KRUS,KRUS,Speculative,500000000
LCUT,LCUT,Speculative,500000000
LESL,LESL,Speculative,500000000
MHUA,MHUA,Speculative,500000000
MSGM,MSGM,Speculative,500000000
MYPS,MYPS,Speculative,500000000
NDLS,NDLS,Speculative,500000000
NWTN,NWTN,Speculative,500000000
PBPB,PBPB,Speculative,500000000
PETS,PETS,Speculative,500000000
PLBY,PLBY,Speculative,500000000
PLCE,PLCE,Speculative,500000000
PRTS,PRTS,Speculative,500000000
PTLO,PTLO,Speculative,500000000
RCKY,RCKY,Speculative,500000000
RENT,RENT,Speculative,500000000
ROLV,ROLV,Speculative,500000000
ROVR,ROVR,Speculative,500000000
RSVR,RSVR,Speculative,500000000
SCVL,SCVL,Speculative,500000000
SNAX,SNAX,Speculative,500000000
SNBR,SNBR,Speculative,500000000
SOCH,SOCH,Speculative,500000000
SOWG,SOWG,Speculative,500000000
SPWH,SPWH,Speculative,500000000
SWAG,SWAG,Speculative,500000000
TDTH,TDTH,Speculative,500000000
TDUP,TDUP,Speculative,500000000
THRM,THRM,Speculative,500000000
UNFI,UNFI,Speculative,500000000
VGFC,VGFC,Speculative,500000000
VIRC,VIRC,Speculative,500000000
VLGEA,VLGEA,Speculative,500000000
VNTG,VNTG,Speculative,500000000
WEST,WEST,Speculative,500000000
WFCF,WFCF,Speculative,500000000
WISH,WISH,Speculative,500000000
WVVI,WVVI,Speculative,500000000
WVVIP,WVVIP,Speculative,500000000
XELB,XELB,Speculative,500000000
XPOF,XPOF,Speculative,500000000
XWEL,XWEL,Speculative,500000000
XXII,XXII,Speculative,500000000
YGTY,YGTY,Speculative,500000000
YOSH,YOSH,Speculative,500000000
ZUMZ,ZUMZ,Speculative,500000000
ASLE,ASLE,Speculative,500000000
CDRE,CDRE,Speculative,500000000
CPSH,CPSH,Speculative,500000000
ECVT,ECVT,Speculative,500000000
FGNV,FGNV,Speculative,500000000
FSTR,FSTR,Speculative,500000000
GRIN,GRIN,Speculative,500000000
GWRS,GWRS,Speculative,500000000
NWGL,NWGL,Speculative,500000000
OFLX,OFLX,Speculative,500000000
PKOH,PKOH,Speculative,500000000
PSHG,PSHG,Speculative,500000000
PSIX,PSIX,Speculative,500000000
RETO,RETO,Speculative,500000000
SGBX,SGBX,Speculative,500000000
SNCY,SNCY,Speculative,500000000
SPGX,SPGX,Speculative,500000000
STCN,STCN,Speculative,500000000
TITN,TITN,Speculative,500000000
TPIC,TPIC,Speculative,500000000
WLDN,WLDN,Speculative,500000000
WLFC,WLFC,Speculative,500000000
WLMS,WLMS,Speculative,500000000
XTIA,XTIA,Speculative,500000000
YORW,YORW,Speculative,500000000
BNRG,BNRG,Speculative,500000000
CLNE,CLNE,Speculative,500000000
DSSI,DSSI,Speculative,500000000
ERES,ERES,Speculative,500000000
EVTV,EVTV,Speculative,500000000
FMST,FMST,Speculative,500000000
GORV,GORV,Speculative,500000000
GRNV,GRNV,Speculative,500000000
HLTX,HLTX,Speculative,500000000
HTOO,HTOO,Speculative,500000000
HYPD,HYPD,Speculative,500000000
KLXE,KLXE,Speculative,500000000
MNTK,MNTK,Speculative,500000000
PLTM,PLTM,Speculative,500000000
PTRA,PTRA,Speculative,500000000
PUMP,PUMP,Speculative,500000000
RNER,RNER,Speculative,500000000
RONI,RONI,Speculative,500000000
SDIG,SDIG,Speculative,500000000
SOLY,SOLY,Speculative,500000000
TELL,TELL,Speculative,500000000
TRNX,TRNX,Speculative,500000000
TUSK,TUSK,Speculative,500000000
USAU,USAU,Speculative,500000000
USEG,USEG,Speculative,500000000
VGAS,VGAS,Speculative,500000000
VIST,VIST,Speculative,500000000
VOXR,VOXR,Speculative,500000000
VVPR,VVPR,Speculative,500000000
WBX,WBX,Speculative,500000000
WGSWF,WGSWF,Speculative,500000000
WPRT,WPRT,Speculative,500000000
WTTR,WTTR,Speculative,500000000
XPDB,XPDB,Speculative,500000000
XPON,XPON,Speculative,500000000
ZOOZ,ZOOZ,Speculative,500000000
BRSP,BRSP,Speculative,500000000
FRPH,FRPH,Speculative,500000000
HOVNP,HOVNP,Speculative,500000000
LRHC,LRHC,Speculative,500000000
NXRT,NXRT,Speculative,500000000
OPAD,OPAD,Speculative,500000000
REAX,REAX,Speculative,500000000
REFI,REFI,Speculative,500000000
RLTY,RLTY,Speculative,500000000
STRW,STRW,Speculative,500000000
WHLR,WHLR,Speculative,500000000
VUSA,VUSA ETF,ETF,50000000000
VUAG.L,VUAG.L ETF,ETF,20000000000
EQQQ.L,EQQQ.L ETF,ETF,15000000000
CNDX,CNDX ETF,ETF,10000000000
IWMO,IWMO ETF,ETF,3000000000
WSML,WSML ETF,ETF,3000000000
VAGS.L,VAGS.L ETF,ETF,2000000000
INRG,INRG ETF,ETF,1000000000
EIMI,EIMI ETF,ETF,5000000000
VWO,VWO ETF,ETF,80000000000
AIAI,AIAI ETF,ETF,500000000
RBOT,RBOT ETF,ETF,500000000
BTEE,BTEE ETF,ETF,300000000
SGLN,SGLN ETF,ETF,5000000000
SSLN,SSLN ETF,ETF,500000000
REMX,REMX ETF,ETF,500000000
PICK,PICK ETF,ETF,1000000000
CMOD.L,CMOD.L ETF,ETF,500000000
COMF.L,COMF.L ETF,ETF,500000000
SQQQ,SQQQ ETF,ETF,5000000000
SH,SH ETF,ETF,3000000000
SPXS,SPXS ETF,ETF,1000000000
VXX,VXX ETF,ETF,500000000
TLT,TLT ETF,ETF,20000000000
IGLT.L,IGLT.L ETF,ETF,10000000000
XLE,XLE ETF,ETF,40000000000
XLF,XLF ETF,ETF,45000000000
XLV,XLV ETF,ETF,40000000000
XLK,XLK ETF,ETF,60000000000
XLI,XLI ETF,ETF,18000000000
XLY,XLY ETF,ETF,20000000000
XLP,XLP ETF,ETF,15000000000
XLU,XLU ETF,ETF,15000000000
XLB,XLB ETF,ETF,6000000000
XLRE,XLRE ETF,ETF,5000000000
VEA,VEA ETF,ETF,100000000000
EEM,EEM ETF,ETF,30000000000
EFA,EFA ETF,ETF,60000000000
VGK,VGK ETF,ETF,30000000000
QQQ,QQQ ETF,ETF,250000000000
IWM,IWM ETF,ETF,50000000000
VUG,VUG ETF,ETF,200000000000
VTV,VTV ETF,ETF,120000000000
GLD,GLD ETF,ETF,70000000000
VNQ,VNQ ETF,ETF,35000000000
MTUM,MTUM ETF,ETF,15000000000
IIND.L,IIND.L ETF,ETF,1000000000
XDWD.L,XDWD.L ETF,ETF,5000000000
HMWO.L,HMWO.L ETF,ETF,3000000000
SMH,SMH ETF,ETF,30000000000
IGF,IGF ETF,ETF,5000000000
VGT,VGT ETF,ETF,80000000000
SOXX,SOXX ETF,ETF,15000000000
VIS,VIS ETF,ETF,6000000000
ITA,ITA ETF,ETF,8000000000
GRID,GRID ETF,ETF,3000000000
SPY,SPY ETF,ETF,500000000000
IWY,IWY ETF,ETF,10000000000
